USE project_agila;

SET FOREIGN_KEY_CHECKS = 0;

INSERT INTO client
VALUES
    (24713, 11264, 'Theodore', 'Koewler', 'Robert', 'trkoewler@gmail.com', '0994 984 5240', '738-9564', 'Manila', 'The crazy red cow floats under the sleepy cat.', 'theodore_koewler', 'password', 'Sardi Corporation'),
    (26899, 29313, 'Janis', 'Smith', 'Melissa', 'jmsmith@gmail.com', '0986 919 4820', '907-5602', 'Manila', 'The fat blue fox dances over the happy cat.', 'janis_smith', 'password', 'Robertson Industries'),
    (20243, 24835, 'Cynthia', 'Rogers', 'Maurice', 'cmrogers@gmail.com', '0951 413 3566', '971-2463', 'Quezon', 'That fat brown cow dances over the lazy mouse.', 'cynthia_rogers', 'password', 'Troyer & co.'),
    (17812, 21514, 'James', 'Henrickson', 'Kimberly', 'jkhenrickson@gmail.com', '0991 561 4885', '769-4367', 'Pasig', 'The fat green pig jumps under the sleepy mouse.', 'james_henrickson', 'password', 'Kavanaugh Industries'),
    (12054, 21646, 'Ashley', 'Williams', 'Barbara', 'abwilliams@gmail.com', '0992 359 2654', '458-7356', 'Pasig', 'That quick green cow dances under the lazy dog.', 'ashley_williams', 'password', 'Boyer & co.'),
    (23828, 29712, 'Douglas', 'Purpura', 'Esther', 'depurpura@gmail.com', '0997 130 3736', '177-9687', 'Quezon', 'A fat blue fox dances over the sleepy mouse.', 'douglas_purpura', 'password', 'Ramesh Industries'),
    (24728, 29585, 'Michael', 'Joseph', 'Lillian', 'mljoseph@gmail.com', '0972 002 4690', '135-6884', 'Quezon', 'That crazy brown cow dances under the lazy dog.', 'michael_joseph', 'password', 'Pearce Corporation'),
    (28182, 20753, 'Marlene', 'Resendez', 'Edward', 'meresendez@gmail.com', '0993 725 6128', '441-6574', 'Pasig', 'That crazy brown cow jumps under the sleepy mouse.', 'marlene_resendez', 'password', 'Marshall Ltd.'),
    (15771, 13203, 'Rosetta', 'Henriques', 'Tracie', 'rthenriques@gmail.com', '0999 064 1503', '141-3973', 'Manila', 'That crazy green sheep dances under the happy cat.', 'rosetta_henriques', 'password', 'Woodard Ltd.'),
    (10398, 17684, 'Emilia', 'Clem', 'Lucia', 'elclem@gmail.com', '0937 732 9111', '714-3805', 'Quezon', 'A fat green cow jumps under the lazy dog.', 'emilia_clem', 'password', 'Hernandez United'),
    (23071, 22675, 'Stephen', 'Tienda', 'Edward', 'setienda@gmail.com', '0927 505 3670', '402-9296', 'Pasig', 'That quick green pig dances over the happy mouse.', 'stephen_tienda', 'password', 'Davis Corporation'),
    (23585, 26520, 'Elvis', 'Garrett', 'Kristopher', 'ekgarrett@gmail.com', '0958 115 1009', '868-0837', 'Pasig', 'That crazy green pig dances over the lazy cat.', 'elvis_garrett', 'password', 'Burgess Ltd.'),
    (28706, 17947, 'Diana', 'Keegan', 'Angela', 'dakeegan@gmail.com', '0990 381 2091', '718-8644', 'Manila', 'That quick brown sheep hops under the lazy cat.', 'diana_keegan', 'password', 'Healy United'),
    (28581, 23709, 'Mattie', 'Eaton', 'Vera', 'mveaton@gmail.com', '0932 316 2772', '634-5556', 'Quezon', 'A fat green pig jumps over the lazy mouse.', 'mattie_eaton', 'password', 'Dufrene Ltd.'),
    (12460, 20125, 'Terry', 'Diggs', 'Barbara', 'tbdiggs@gmail.com', '0923 688 4822', '751-6369', 'Quezon', 'That crazy brown pig dances over the lazy dog.', 'terry_diggs', 'password', 'Dunlap Ltd.'),
    (21551, 14624, 'Jack', 'Brewster', 'Georgina', 'jgbrewster@gmail.com', '0964 994 0385', '409-8611', 'Pasig', 'A crazy blue sheep jumps under the sleepy mouse.', 'jack_brewster', 'password', 'Velez United'),
    (28594, 10020, 'Sean', 'Thomas', 'Nicole', 'snthomas@gmail.com', '0903 752 2458', '277-8574', 'Quezon', 'The crazy blue pig floats over the sleepy cat.', 'sean_thomas', 'password', 'Jeffries & co.'),
    (19764, 11685, 'Betty', 'Howard', 'Ricky', 'brhoward@gmail.com', '0911 549 4604', '077-5988', 'Manila', 'The quick brown fox jumps over the happy cat.', 'betty_howard', 'password', 'Garrett Ltd.'),
    (11316, 27175, 'Ryan', 'Riley', 'Curtis', 'rcriley@gmail.com', '0986 472 4143', '504-0276', 'Quezon', 'A crazy green cow dances under the sleepy mouse.', 'ryan_riley', 'password', 'Lamb Industries'),
    (10302, 18727, 'Jamie', 'Gates', 'Lucius', 'jlgates@gmail.com', '0943 944 8863', '565-8600', 'Quezon', 'A fat blue cow floats over the lazy mouse.', 'jamie_gates', 'password', 'Lewis Industries'),
    (11584, 10152, 'Marvin', 'Pena', 'Jessica', 'mjpena@gmail.com', '0956 900 3739', '428-7581', 'Manila', 'That quick blue sheep dances under the happy mouse.', 'marvin_pena', 'password', 'Liu United'),
    (20673, 13098, 'Pamela', 'Gilbreath', 'Misty', 'pmgilbreath@gmail.com', '0908 393 2882', '553-7345', 'Manila', 'A fat brown pig dances over the lazy dog.', 'pamela_gilbreath', 'password', 'Mcclintock Corporation'),
    (13121, 18865, 'Connie', 'Lawrence', 'Fred', 'cflawrence@gmail.com', '0967 342 0528', '905-7140', 'Pasig', 'That fat blue fox dances under the happy dog.', 'connie_lawrence', 'password', 'Monge Industries'),
    (29765, 22579, 'Dennis', 'Whitecotton', 'Patti', 'dpwhitecotton@gmail.com', '0915 979 6888', '130-0119', 'Quezon', 'The crazy blue pig floats under the happy cat.', 'dennis_whitecotton', 'password', 'Hayes Corporation'),
    (11850, 11828, 'Kimberly', 'Hagstrom', 'James', 'kjhagstrom@gmail.com', '0916 515 9539', '770-6694', 'Pasig', 'That fat brown sheep hops over the happy mouse.', 'kimberly_hagstrom', 'password', 'Walton Ltd.'),
    (14543, 15414, 'Peter', 'Lara', 'Jeanne', 'pjlara@gmail.com', '0954 320 9570', '727-7110', 'Manila', 'A quick red fox hops under the happy cat.', 'peter_lara', 'password', 'Peckham Corporation'),
    (25050, 10040, 'Michael', 'Otero', 'Jean', 'mjotero@gmail.com', '0919 995 9551', '251-3943', 'Quezon', 'A quick blue sheep dances over the lazy dog.', 'michael_otero', 'password', 'Bittner Corporation'),
    (29404, 25913, 'Jeffrey', 'Anderson', 'Mary', 'jmanderson@gmail.com', '0911 624 7660', '604-0267', 'Quezon', 'The crazy red fox dances over the happy cat.', 'jeffrey_anderson', 'password', 'Felder Industries'),
    (14941, 25276, 'Francis', 'Santos', 'Michaela', 'fmsantos@gmail.com', '0953 616 8999', '909-9160', 'Quezon', 'A fat green fox dances under the sleepy cat.', 'francis_santos', 'password', 'Krupa Ltd.'),
    (28125, 25024, 'Daniel', 'Scaggs', 'Mike', 'dmscaggs@gmail.com', '0983 521 3220', '506-8516', 'Pasig', 'That quick green sheep hops under the lazy cat.', 'daniel_scaggs', 'password', 'Barry United'),
    (12636, 29377, 'Mark', 'Williams', 'Harold', 'mhwilliams@gmail.com', '0962 572 9627', '383-9891', 'Quezon', 'A crazy brown sheep hops under the lazy dog.', 'mark_williams', 'password', 'York Ltd.'),
    (28259, 24514, 'Diana', 'Robinson', 'Stephen', 'dsrobinson@gmail.com', '0997 519 0671', '871-5357', 'Pasig', 'The crazy brown fox dances over the lazy mouse.', 'diana_robinson', 'password', 'Allbright Ltd.'),
    (12905, 13507, 'Maxine', 'Adcock', 'Darrell', 'mdadcock@gmail.com', '0916 544 3160', '449-0998', 'Manila', 'That crazy green fox floats under the happy cat.', 'maxine_adcock', 'password', 'Parker Industries'),
    (15339, 24004, 'Maida', 'Walker', 'Katrina', 'mkwalker@gmail.com', '0936 439 4727', '861-5451', 'Quezon', 'The fat brown sheep hops under the happy dog.', 'maida_walker', 'password', 'Sisk Corporation'),
    (10220, 14532, 'Tracy', 'Minton', 'Celestine', 'tcminton@gmail.com', '0923 356 1694', '934-3937', 'Quezon', 'That crazy blue sheep hops over the happy dog.', 'tracy_minton', 'password', 'Hylan & co.'),
    (15853, 25669, 'Carolyn', 'Hubbard', 'Paul', 'cphubbard@gmail.com', '0914 210 4400', '113-3106', 'Quezon', 'That crazy green fox hops under the lazy cat.', 'carolyn_hubbard', 'password', 'Marzinske Corporation'),
    (22382, 15812, 'Raymond', 'Meecham', 'Nancy', 'rnmeecham@gmail.com', '0994 049 0476', '419-1436', 'Manila', 'That quick green fox hops under the happy dog.', 'raymond_meecham', 'password', 'Nabzdyk & co.'),
    (16751, 19656, 'Ernestine', 'Robinson', 'Mamie', 'emrobinson@gmail.com', '0945 314 8631', '497-8913', 'Quezon', 'A quick blue fox hops under the happy dog.', 'ernestine_robinson', 'password', 'Pothier & co.'),
    (10488, 19148, 'Elsie', 'Cobb', 'Mark', 'emcobb@gmail.com', '0943 572 9749', '813-0607', 'Quezon', 'A fat brown sheep dances under the sleepy mouse.', 'elsie_cobb', 'password', 'Elford United');

INSERT INTO lawyer
VALUES
    (19456, 'Joy', 'Peters', 'Georgia', 'jgpeters@gmail.com', 'jgpeters+alt@gmail.com', '0948 318 9337', '157-9304', 'Manila', 0, 'joy_peters', 'password'),
    (19461, 'Gary', 'Humphrey', 'Lisa', 'glhumphrey@gmail.com', 'glhumphrey+alt@gmail.com', '0988 126 0471', '787-8439', 'Manila', 0, 'gary_humphrey', 'password'),
    (24076, 'Nicholas', 'Willett', 'Deborah', 'ndwillett@gmail.com', 'ndwillett+alt@gmail.com', '0921 705 3327', '086-6300', 'Quezon', 0, 'nicholas_willett', 'password'),
    (13324, 'Christopher', 'Duarte', 'Arnold', 'caduarte@gmail.com', 'caduarte+alt@gmail.com', '0969 020 8529', '379-9699', 'Manila', 0, 'christopher_duarte', 'password'),
    (25612, 'Della', 'Howe', 'James', 'djhowe@gmail.com', 'djhowe+alt@gmail.com', '0905 011 1348', '805-0347', 'Quezon', 0, 'della_howe', 'password'),
    (12303, 'Cynthia', 'Kaye', 'Karen', 'ckkaye@gmail.com', 'ckkaye+alt@gmail.com', '0909 972 3133', '833-1805', 'Manila', 0, 'cynthia_kaye', 'password'),
    (26641, 'Ruth', 'Spears', 'Natalie', 'rnspears@gmail.com', 'rnspears+alt@gmail.com', '0975 332 4318', '092-8428', 'Quezon', 0, 'ruth_spears', 'password'),
    (18963, 'Christopher', 'Montalbo', 'Chris', 'ccmontalbo@gmail.com', 'ccmontalbo+alt@gmail.com', '0963 445 1317', '124-6770', 'Pasig', 0, 'christopher_montalbo', 'password'),
    (23059, 'Timothy', 'Hoyle', 'Tony', 'tthoyle@gmail.com', 'tthoyle+alt@gmail.com', '0914 604 4832', '299-7103', 'Quezon', 0, 'timothy_hoyle', 'password'),
    (13852, 'Bobbi', 'Cockrell', 'Mary', 'bmcockrell@gmail.com', 'bmcockrell+alt@gmail.com', '0937 405 5398', '834-4763', 'Quezon', 0, 'bobbi_cockrell', 'password'),
    (17950, 'Deirdre', 'Otting', 'Christy', 'dcotting@gmail.com', 'dcotting+alt@gmail.com', '0927 470 9598', '081-9817', 'Pasig', 0, 'deirdre_otting', 'password'),
    (29730, 'Scott', 'Shelton', 'Laura', 'slshelton@gmail.com', 'slshelton+alt@gmail.com', '0988 353 7389', '548-5058', 'Quezon', 0, 'scott_shelton', 'password'),
    (12323, 'Josefina', 'Vangundy', 'Charles', 'jcvangundy@gmail.com', 'jcvangundy+alt@gmail.com', '0969 627 7949', '097-4716', 'Pasig', 0, 'josefina_vangundy', 'password'),
    (23075, 'Laura', 'Collins', 'Wade', 'lwcollins@gmail.com', 'lwcollins+alt@gmail.com', '0932 211 3662', '466-6062', 'Pasig', 0, 'laura_collins', 'password'),
    (13348, 'Ray', 'Bunch', 'Charlie', 'rcbunch@gmail.com', 'rcbunch+alt@gmail.com', '0900 353 8351', '712-4932', 'Pasig', 0, 'ray_bunch', 'password'),
    (15400, 'Lisa', 'Westberg', 'Betsy', 'lbwestberg@gmail.com', 'lbwestberg+alt@gmail.com', '0989 529 0375', '905-4710', 'Manila', 0, 'lisa_westberg', 'password'),
    (22579, 'Ralph', 'Carothers', 'Jerry', 'rjcarothers@gmail.com', 'rjcarothers+alt@gmail.com', '0936 996 5024', '770-1338', 'Manila', 0, 'ralph_carothers', 'password'),
    (25143, 'Gilbert', 'Lopez', 'Phillip', 'gplopez@gmail.com', 'gplopez+alt@gmail.com', '0953 971 4870', '378-9787', 'Pasig', 0, 'gilbert_lopez', 'password'),
    (28223, 'Sterling', 'Erwin', 'Christopher', 'scerwin@gmail.com', 'scerwin+alt@gmail.com', '0987 730 7182', '562-7652', 'Quezon', 0, 'sterling_erwin', 'password'),
    (27200, 'James', 'Madison', 'Estella', 'jemadison@gmail.com', 'jemadison+alt@gmail.com', '0951 698 5727', '089-4095', 'Quezon', 1, 'james_madison', 'password'),
    (11845, 'Roberta', 'Pedro', 'Janice', 'rjpedro@gmail.com', 'rjpedro+alt@gmail.com', '0988 263 0019', '009-1302', 'Manila', 0, 'roberta_pedro', 'password'),
    (15945, 'John', 'Gillam', 'Lynelle', 'jlgillam@gmail.com', 'jlgillam+alt@gmail.com', '0924 472 8578', '453-9528', 'Manila', 0, 'john_gillam', 'password'),
    (21578, 'Michael', 'Burchett', 'George', 'mgburchett@gmail.com', 'mgburchett+alt@gmail.com', '0946 880 9474', '643-0616', 'Pasig', 0, 'michael_burchett', 'password'),
    (20044, 'Gilbert', 'Luckhardt', 'Shawn', 'gsluckhardt@gmail.com', 'gsluckhardt+alt@gmail.com', '0911 112 8209', '066-7606', 'Quezon', 0, 'gilbert_luckhardt', 'password'),
    (23632, 'Shelley', 'Hill', 'Sandra', 'sshill@gmail.com', 'sshill+alt@gmail.com', '0947 571 0842', '913-0473', 'Manila', 0, 'shelley_hill', 'password'),
    (29268, 'Jessica', 'Sisk', 'Rebecca', 'jrsisk@gmail.com', 'jrsisk+alt@gmail.com', '0955 213 0667', '677-8292', 'Manila', 0, 'jessica_sisk', 'password'),
    (22613, 'Henry', 'Freeman', 'Viola', 'hvfreeman@gmail.com', 'hvfreeman+alt@gmail.com', '0986 766 4385', '612-6323', 'Quezon', 0, 'henry_freeman', 'password'),
    (14423, 'Elinor', 'Brown', 'Judith', 'ejbrown@gmail.com', 'ejbrown+alt@gmail.com', '0921 940 7517', '699-8967', 'Manila', 0, 'elinor_brown', 'password'),
    (19553, 'William', 'Slade', 'Edgar', 'weslade@gmail.com', 'weslade+alt@gmail.com', '0989 278 5882', '905-6517', 'Manila', 0, 'william_slade', 'password'),
    (27765, 'Sharon', 'Jolivette', 'Tessa', 'stjolivette@gmail.com', 'stjolivette+alt@gmail.com', '0981 982 4604', '995-1538', 'Quezon', 0, 'sharon_jolivette', 'password'),
    (28790, 'Anthony', 'Stiles', 'Edward', 'aestiles@gmail.com', 'aestiles+alt@gmail.com', '0994 345 0845', '246-1525', 'Pasig', 0, 'anthony_stiles', 'password'),
    (28281, 'Elizabeth', 'Brady', 'George', 'egbrady@gmail.com', 'egbrady+alt@gmail.com', '0960 722 0383', '352-8461', 'Manila', 0, 'elizabeth_brady', 'password'),
    (10876, 'Jerry', 'Cantley', 'Barbara', 'jbcantley@gmail.com', 'jbcantley+alt@gmail.com', '0958 587 2214', '576-3723', 'Manila', 0, 'jerry_cantley', 'password'),
    (27773, 'Grace', 'Frost', 'Leota', 'glfrost@gmail.com', 'glfrost+alt@gmail.com', '0990 627 0084', '450-6664', 'Quezon', 0, 'grace_frost', 'password'),
    (20616, 'Eva', 'Faust', 'Kristin', 'ekfaust@gmail.com', 'ekfaust+alt@gmail.com', '0987 878 7524', '680-3212', 'Quezon', 0, 'eva_faust', 'password'),
    (14481, 'Marian', 'Cobb', 'Ira', 'micobb@gmail.com', 'micobb+alt@gmail.com', '0917 095 5445', '383-5703', 'Pasig', 0, 'marian_cobb', 'password'),
    (11935, 'Laurie', 'Santiago', 'Leah', 'llsantiago@gmail.com', 'llsantiago+alt@gmail.com', '0940 150 4464', '422-0462', 'Pasig', 0, 'laurie_santiago', 'password'),
    (12962, 'Meghann', 'Cunningham', 'Daniel', 'mdcunningham@gmail.com', 'mdcunningham+alt@gmail.com', '0965 440 6627', '342-2403', 'Pasig', 0, 'meghann_cunningham', 'password'),
    (25267, 'Robert', 'Warren', 'Sharon', 'rswarren@gmail.com', 'rswarren+alt@gmail.com', '0930 429 2940', '005-1017', 'Pasig', 0, 'robert_warren', 'password'),
    (27326, 'Marc', 'Estes', 'Cynthia', 'mcestes@gmail.com', 'mcestes+alt@gmail.com', '0998 196 6488', '885-5299', 'Quezon', 0, 'marc_estes', 'password'),
    (13506, 'Jack', 'Carol', 'Mary', 'jmcarol@gmail.com', 'jmcarol+alt@gmail.com', '0951 795 9561', '939-4163', 'Quezon', 0, 'jack_carol', 'password'),
    (23244, 'Chante', 'Berumen', 'Travis', 'ctberumen@gmail.com', 'ctberumen+alt@gmail.com', '0970 168 9872', '016-7232', 'Manila', 0, 'chante_berumen', 'password'),
    (27852, 'Betty', 'Kennedy', 'Jamaal', 'bjkennedy@gmail.com', 'bjkennedy+alt@gmail.com', '0978 315 0645', '236-8221', 'Manila', 0, 'betty_kennedy', 'password'),
    (22734, 'Bunny', 'Lalonde', 'Christina', 'bclalonde@gmail.com', 'bclalonde+alt@gmail.com', '0987 650 4885', '389-0885', 'Quezon', 0, 'bunny_lalonde', 'password'),
    (29905, 'Nathaniel', 'Gantner', 'Lino', 'nlgantner@gmail.com', 'nlgantner+alt@gmail.com', '0988 934 6417', '391-1304', 'Pasig', 0, 'nathaniel_gantner', 'password'),
    (16089, 'Chester', 'Barnes', 'Terence', 'ctbarnes@gmail.com', 'ctbarnes+alt@gmail.com', '0965 268 0788', '278-6828', 'Manila', 0, 'chester_barnes', 'password'),
    (22752, 'Corey', 'Proctor', 'Elizabeth', 'ceproctor@gmail.com', 'ceproctor+alt@gmail.com', '0946 675 8662', '296-8712', 'Manila', 0, 'corey_proctor', 'password'),
    (22243, 'Erica', 'Wilson', 'Michael', 'emwilson@gmail.com', 'emwilson+alt@gmail.com', '0951 311 9318', '227-5224', 'Quezon', 0, 'erica_wilson', 'password'),
    (24294, 'Willard', 'Mccarthy', 'Particia', 'wpmccarthy@gmail.com', 'wpmccarthy+alt@gmail.com', '0918 429 9003', '229-3878', 'Quezon', 0, 'willard_mccarthy', 'password'),
    (11501, 'Mack', 'Rodriquez', 'Douglas', 'mdrodriquez@gmail.com', 'mdrodriquez+alt@gmail.com', '0975 219 0465', '873-5804', 'Manila', 0, 'mack_rodriquez', 'password'),
    (29933, 'Richard', 'Smith', 'Raul', 'rrsmith@gmail.com', 'rrsmith+alt@gmail.com', '0985 579 8881', '235-1413', 'Pasig', 0, 'richard_smith', 'password'),
    (17647, 'James', 'Bushman', 'Willie', 'jwbushman@gmail.com', 'jwbushman+alt@gmail.com', '0972 620 5199', '562-2657', 'Manila', 0, 'james_bushman', 'password'),
    (12528, 'Jerry', 'Koch', 'Willard', 'jwkoch@gmail.com', 'jwkoch+alt@gmail.com', '0902 989 3697', '236-7652', 'Pasig', 0, 'jerry_koch', 'password'),
    (19698, 'Nancy', 'Figgins', 'Veronica', 'nvfiggins@gmail.com', 'nvfiggins+alt@gmail.com', '0950 338 4763', '748-8473', 'Manila', 0, 'nancy_figgins', 'password'),
    (14580, 'Virgil', 'Milford', 'Dolores', 'vdmilford@gmail.com', 'vdmilford+alt@gmail.com', '0930 886 9237', '682-2503', 'Quezon', 0, 'virgil_milford', 'password'),
    (16117, 'Jimmy', 'Korewdit', 'Ira', 'jikorewdit@gmail.com', 'jikorewdit+alt@gmail.com', '0999 359 3340', '756-2628', 'Quezon', 0, 'jimmy_korewdit', 'password'),
    (26871, 'Rosa', 'Bacon', 'Boyd', 'rbbacon@gmail.com', 'rbbacon+alt@gmail.com', '0947 705 5010', '200-0859', 'Manila', 0, 'rosa_bacon', 'password'),
    (25359, 'Roger', 'Fitzhugh', 'Ernest', 'refitzhugh@gmail.com', 'refitzhugh+alt@gmail.com', '0957 588 3127', '230-4466', 'Pasig', 0, 'roger_fitzhugh', 'password'),
    (11035, 'Jessica', 'Beaty', 'Ruth', 'jrbeaty@gmail.com', 'jrbeaty+alt@gmail.com', '0934 685 8701', '231-5343', 'Quezon', 0, 'jessica_beaty', 'password'),
    (27934, 'Blanche', 'Temples', 'April', 'batemples@gmail.com', 'batemples+alt@gmail.com', '0926 918 4355', '995-5311', 'Pasig', 0, 'blanche_temples', 'password'),
    (29987, 'Laura', 'Dunlap', 'Mark', 'lmdunlap@gmail.com', 'lmdunlap+alt@gmail.com', '0982 736 1162', '518-9333', 'Manila', 0, 'laura_dunlap', 'password'),
    (22821, 'Patrick', 'Broyles', 'Nathan', 'pnbroyles@gmail.com', 'pnbroyles+alt@gmail.com', '0993 761 2609', '409-6841', 'Manila', 0, 'patrick_broyles', 'password'),
    (26920, 'Blanca', 'Gonzales', 'Carrie', 'bcgonzales@gmail.com', 'bcgonzales+alt@gmail.com', '0910 860 7244', '431-7791', 'Pasig', 0, 'blanca_gonzales', 'password'),
    (28460, 'Robert', 'Frye', 'Randell', 'rrfrye@gmail.com', 'rrfrye+alt@gmail.com', '0949 188 2599', '635-5936', 'Manila', 0, 'robert_frye', 'password'),
    (17200, 'Ola', 'Paradis', 'Deborah', 'odparadis@gmail.com', 'odparadis+alt@gmail.com', '0949 395 9441', '229-9600', 'Pasig', 0, 'ola_paradis', 'password'),
    (11066, 'Tammy', 'Giles', 'Rafael', 'trgiles@gmail.com', 'trgiles+alt@gmail.com', '0994 603 2649', '542-8010', 'Pasig', 0, 'tammy_giles', 'password'),
    (26949, 'Margaret', 'Magoun', 'Peter', 'mpmagoun@gmail.com', 'mpmagoun+alt@gmail.com', '0925 227 2048', '293-6394', 'Pasig', 0, 'margaret_magoun', 'password'),
    (27990, 'Minnie', 'Mcgee', 'Debra', 'mdmcgee@gmail.com', 'mdmcgee+alt@gmail.com', '0938 214 1760', '742-9149', 'Quezon', 0, 'minnie_mcgee', 'password'),
    (18266, 'Robert', 'Walls', 'Jeff', 'rjwalls@gmail.com', 'rjwalls+alt@gmail.com', '0937 489 8268', '841-1115', 'Manila', 0, 'robert_walls', 'password'),
    (26979, 'Michael', 'Knowles', 'Helen', 'mhknowles@gmail.com', 'mhknowles+alt@gmail.com', '0967 140 5138', '192-3441', 'Manila', 0, 'michael_knowles', 'password'),
    (21347, 'Christopher', 'Ellis', 'Jean', 'cjellis@gmail.com', 'cjellis+alt@gmail.com', '0980 166 0103', '392-8213', 'Quezon', 0, 'christopher_ellis', 'password'),
    (16743, 'Benjamin', 'Schneider', 'Frank', 'bfschneider@gmail.com', 'bfschneider+alt@gmail.com', '0930 681 9255', '643-8647', 'Quezon', 0, 'benjamin_schneider', 'password'),
    (13676, 'Maxine', 'Greene', 'Billy', 'mbgreene@gmail.com', 'mbgreene+alt@gmail.com', '0903 553 7597', '289-5695', 'Manila', 0, 'maxine_greene', 'password'),
    (17775, 'John', 'Langevin', 'Gregory', 'jglangevin@gmail.com', 'jglangevin+alt@gmail.com', '0957 687 6393', '280-7020', 'Pasig', 0, 'john_langevin', 'password'),
    (13168, 'Tony', 'Bateman', 'Norma', 'tnbateman@gmail.com', 'tnbateman+alt@gmail.com', '0969 606 0709', '766-0939', 'Manila', 0, 'tony_bateman', 'password'),
    (20350, 'Juanita', 'Guzman', 'Susan', 'jsguzman@gmail.com', 'jsguzman+alt@gmail.com', '0948 456 4098', '445-7474', 'Pasig', 0, 'juanita_guzman', 'password'),
    (22921, 'William', 'Parish', 'Sally', 'wsparish@gmail.com', 'wsparish+alt@gmail.com', '0920 455 0951', '999-2493', 'Manila', 0, 'william_parish', 'password'),
    (24969, 'Billie', 'Sanchez', 'Robert', 'brsanchez@gmail.com', 'brsanchez+alt@gmail.com', '0988 964 2370', '019-7000', 'Quezon', 0, 'billie_sanchez', 'password'),
    (16276, 'Ron', 'Castillo', 'Kathy', 'rkcastillo@gmail.com', 'rkcastillo+alt@gmail.com', '0927 330 8016', '958-7357', 'Manila', 0, 'ron_castillo', 'password'),
    (29080, 'Terry', 'Blackshear', 'Jose', 'tjblackshear@gmail.com', 'tjblackshear+alt@gmail.com', '0916 113 9534', '564-3238', 'Manila', 0, 'terry_blackshear', 'password'),
    (10137, 'Tamara', 'Salinas', 'Eileen', 'tesalinas@gmail.com', 'tesalinas+alt@gmail.com', '0913 858 6033', '757-2295', 'Pasig', 0, 'tamara_salinas', 'password'),
    (13725, 'Darnell', 'Nelson', 'Nathaniel', 'dnnelson@gmail.com', 'dnnelson+alt@gmail.com', '0962 005 1079', '185-2520', 'Pasig', 0, 'darnell_nelson', 'password'),
    (19870, 'James', 'Olivier', 'Todd', 'jtolivier@gmail.com', 'jtolivier+alt@gmail.com', '0966 357 3417', '852-6162', 'Pasig', 0, 'james_olivier', 'password'),
    (11680, 'Erin', 'Patton', 'Vincent', 'evpatton@gmail.com', 'evpatton+alt@gmail.com', '0998 458 4579', '727-7496', 'Manila', 0, 'erin_patton', 'password'),
    (24997, 'Judy', 'Williams', 'Yvette', 'jywilliams@gmail.com', 'jywilliams+alt@gmail.com', '0992 669 1565', '631-5205', 'Pasig', 0, 'judy_williams', 'password'),
    (25006, 'Sergio', 'Farley', 'Erin', 'sefarley@gmail.com', 'sefarley+alt@gmail.com', '0907 087 0824', '385-2655', 'Manila', 0, 'sergio_farley', 'password'),
    (14775, 'Georgia', 'Smith', 'Joseph', 'gjsmith@gmail.com', 'gjsmith+alt@gmail.com', '0964 462 2785', '000-5302', 'Manila', 0, 'georgia_smith', 'password'),
    (16831, 'Denise', 'Perez', 'Michael', 'dmperez@gmail.com', 'dmperez+alt@gmail.com', '0973 522 1735', '758-8052', 'Manila', 0, 'denise_perez', 'password'),
    (12233, 'John', 'Firman', 'Johanna', 'jjfirman@gmail.com', 'jjfirman+alt@gmail.com', '0997 817 8980', '540-8771', 'Quezon', 0, 'john_firman', 'password'),
    (28619, 'Patricia', 'Mccracken', 'Lavinia', 'plmccracken@gmail.com', 'plmccracken+alt@gmail.com', '0963 383 5995', '220-9791', 'Manila', 0, 'patricia_mccracken', 'password'),
    (14293, 'Loren', 'Welch', 'Jennifer', 'ljwelch@gmail.com', 'ljwelch+alt@gmail.com', '0963 458 1520', '786-6778', 'Pasig', 0, 'loren_welch', 'password'),
    (15840, 'Chadwick', 'Peyton', 'Richard', 'crpeyton@gmail.com', 'crpeyton+alt@gmail.com', '0988 073 0654', '288-2710', 'Manila', 0, 'chadwick_peyton', 'password'),
    (24551, 'Tabitha', 'Fox', 'Micheal', 'tmfox@gmail.com', 'tmfox+alt@gmail.com', '0982 581 5826', '132-7603', 'Manila', 0, 'tabitha_fox', 'password'),
    (18925, 'Greg', 'Rodriguez', 'Paul', 'gprodriguez@gmail.com', 'gprodriguez+alt@gmail.com', '0976 528 1141', '967-2081', 'Pasig', 0, 'greg_rodriguez', 'password'),
    (29166, 'Samuel', 'Yates', 'Rick', 'sryates@gmail.com', 'sryates+alt@gmail.com', '0915 659 9378', '547-9446', 'Pasig', 0, 'samuel_yates', 'password'),
    (14831, 'Catherine', 'Wilson', 'Nancy', 'cnwilson@gmail.com', 'cnwilson+alt@gmail.com', '0924 817 7531', '561-0507', 'Manila', 0, 'catherine_wilson', 'password'),
    (25072, 'Robert', 'Khan', 'Courtney', 'rckhan@gmail.com', 'rckhan+alt@gmail.com', '0996 487 6278', '347-1481', 'Pasig', 0, 'robert_khan', 'password'),
    (22001, 'Michael', 'Carnell', 'Ernest', 'mecarnell@gmail.com', 'mecarnell+alt@gmail.com', '0974 208 2525', '115-6690', 'Pasig', 0, 'michael_carnell', 'password'),
    (19442, 'Pauline', 'Miranda', 'Manuel', 'pmmiranda@gmail.com', 'pmmiranda+alt@gmail.com', '0982 975 6988', '420-9350', 'Pasig', 0, 'pauline_miranda', 'password'),
    (22003, 'Rhonda', 'Woods', 'Claud', 'rcwoods@gmail.com', 'rcwoods+alt@gmail.com', '0928 104 9984', '072-7064', 'Quezon', 0, 'rhonda_woods', 'password');

INSERT INTO contract
VALUES
    (27175, 11316, 16194, 7104, 2135, 4135, 6449, 0, 0, '2020-10-18', 'file_501.png', 'Title 480'),
    (22579, 29765, 18526, 8191, 15074, 7154, 7935, 0, 0, '2024-06-23', 'file_435.jpg', 'Title 265'),
    (22675, 23071, 12055, 8143, 5869, 3349, 6196, 0, 0, '2023-07-21', 'file_814.png', 'Title 243'),
    (20125, 12460, 17135, 10728, 400, 15696, 13600, 0, 0, '2021-05-04', 'file_622.pdf', 'Title 444'),
    (10152, 11584, 14558, 13793, 2176, 12178, 9105, 1, 14624, '2020-09-04', 'file_331.pdf', 'Title 411'),
    (25669, 15853, 2013, 14543, 17358, 5428, 7190, 0, 0, '2024-08-10', 'file_542.jpg', 'Title 587'),
    (29585, 24728, 17723, 19606, 5355, 12246, 2073, 0, 0, '2020-08-24', 'file_486.png', 'Title 915'),
    (19148, 10488, 2042, 10826, 10384, 14037, 5085, 0, 0, '2024-12-21', 'file_537.jpg', 'Title 730'),
    (25913, 29404, 16776, 16528, 17362, 11204, 7857, 0, 0, '2020-06-18', 'file_386.jpg', 'Title 419'),
    (10040, 25050, 8920, 16602, 14718, 11585, 14318, 0, 0, '2022-07-01', 'file_998.jpg', 'Title 154'),
    (26520, 23585, 14101, 17469, 18461, 17115, 11156, 0, 0, '2021-01-18', 'file_697.png', 'Title 547'),
    (11264, 24713, 1017, 2385, 13720, 4392, 8935, 0, 0, '2024-08-11', 'file_428.png', 'Title 801'),
    (25276, 14941, 8679, 19253, 11149, 15166, 1770, 0, 0, '2023-11-26', 'file_258.pdf', 'Title 383'),
    (29377, 12636, 2087, 17974, 8946, 4917, 11278, 0, 0, '2024-06-26', 'file_699.png', 'Title 060'),
    (29712, 23828, 16111, 12499, 11122, 8602, 18770, 0, 0, '2023-03-08', 'file_850.pdf', 'Title 487'),
    (24004, 15339, 18838, 2805, 7365, 7627, 11821, 0, 0, '2022-10-05', 'file_479.jpg', 'Title 550'),
    (17947, 28706, 19707, 17735, 6316, 9748, 10713, 0, 0, '2020-07-17', 'file_705.jpg', 'Title 292'),
    (14624, 21551, 2962, 8907, 19532, 12227, 849, 0, 0, '2022-09-17', 'file_547.png', 'Title 127'),
    (13203, 15771, 1684, 5618, 16450, 3251, 10252, 0, 0, '2022-03-02', 'file_163.jpg', 'Title 495'),
    (10020, 28594, 6882, 3968, 6819, 3888, 13849, 0, 0, '2020-04-15', 'file_805.jpg', 'Title 963'),
    (13098, 20673, 17242, 16986, 18011, 18656, 3274, 0, 0, '2024-09-09', 'file_458.png', 'Title 993'),
    (15812, 22382, 13975, 6381, 1789, 707, 93, 0, 0, '2020-02-01', 'file_279.pdf', 'Title 765'),
    (23709, 28581, 19160, 8346, 8977, 12491, 18745, 0, 0, '2021-12-08', 'file_884.pdf', 'Title 449'),
    (15414, 14543, 10227, 6562, 8625, 12716, 15946, 0, 0, '2024-12-23', 'file_755.pdf', 'Title 187'),
    (25024, 28125, 8504, 6467, 7834, 15821, 18357, 1, 21514, '2021-08-12', 'file_242.pdf', 'Title 367'),
    (11828, 11850, 16809, 6280, 16829, 7010, 8805, 0, 0, '2022-11-16', 'file_378.pdf', 'Title 221'),
    (11685, 19764, 1914, 8787, 1545, 16534, 8468, 0, 0, '2022-09-11', 'file_994.jpg', 'Title 960'),
    (20753, 28182, 2435, 10281, 446, 12193, 9309, 0, 0, '2022-05-10', 'file_861.png', 'Title 948'),
    (21646, 12054, 360, 17231, 9284, 12818, 1968, 0, 0, '2024-10-09', 'file_426.pdf', 'Title 648'),
    (13507, 12905, 15852, 16292, 6003, 116, 5126, 0, 0, '2021-03-18', 'file_541.png', 'Title 812'),
    (21514, 17812, 14700, 6616, 1076, 5769, 9036, 0, 0, '2023-05-13', 'file_485.jpg', 'Title 253'),
    (29313, 26899, 9024, 10497, 420, 16339, 18396, 0, 0, '2024-07-13', 'file_523.pdf', 'Title 990'),
    (24835, 20243, 15802, 2271, 2410, 19694, 18738, 0, 0, '2020-03-08', 'file_542.pdf', 'Title 092'),
    (14532, 10220, 10325, 8585, 6195, 7447, 11801, 0, 0, '2021-02-18', 'file_040.png', 'Title 195'),
    (17684, 10398, 7661, 2111, 15078, 13572, 9838, 0, 0, '2024-03-20', 'file_732.png', 'Title 125');

INSERT INTO work
VALUES
    (11269, '65028', 'Minor Pleading', '2024-12-21', 'That fat brown sheep hops over the happy dog.', 'TBD', 'file_027.pdf', 'Title 389', 1379),
    (16136, '24334', 'Minor Pleading', '2020-11-23', 'That quick blue cow dances over the happy cat.', 'TBD', 'file_865.png', 'Title 009', 8479),
    (17678, '35346', 'Minor Pleading', '2022-11-11', 'The quick green pig hops over the sleepy dog.', 'TBD', 'file_328.png', 'Title 757', 8460),
    (17295, '44159', 'Major Pleading', '2021-12-18', 'The quick brown sheep hops over the lazy mouse.', 'TBD', 'file_160.pdf', 'Title 695', 8919),
    (10129, '81231', 'Major Pleading', '2020-06-27', 'The crazy red cow hops over the sleepy dog.', 'TBD', 'file_027.png', 'Title 080', 2014),
    (23826, '27624', 'Major Pleading', '2023-03-01', 'That quick green fox dances under the happy mouse.', 'TBD', 'file_169.pdf', 'Title 002', 4243),
    (18321, '81231', 'Minor Pleading', '2022-12-08', 'The crazy blue sheep dances under the lazy dog.', 'TBD', 'file_717.pdf', 'Title 123', 8417),
    (27035, '26967', 'Major Pleading', '2024-04-06', 'A fat green fox floats under the lazy dog.', 'TBD', 'file_054.png', 'Title 164', 2037),
    (29725, '19325', 'Minor Pleading', '2023-01-13', 'The crazy brown cow hops over the lazy dog.', 'TBD', 'file_471.png', 'Title 484', 6476),
    (24605, '89815', 'Major Pleading', '2024-05-18', 'That fat blue sheep dances under the sleepy cat.', 'TBD', 'file_958.pdf', 'Title 416', 8628),
    (14493, '43708', 'Major Pleading', '2021-11-22', 'The crazy brown fox floats over the sleepy mouse.', 'TBD', 'file_078.pdf', 'Title 180', 5557),
    (26782, '06133', 'Major Pleading', '2023-11-24', 'That fat green fox floats over the lazy dog.', 'TBD', 'file_432.png', 'Title 630', 7271),
    (11553, '34670', 'Minor Pleading', '2021-05-17', 'A fat red pig jumps under the sleepy mouse.', 'TBD', 'file_138.jpg', 'Title 701', 7609),
    (21028, '82373', 'Minor Pleading', '2024-07-22', 'A crazy blue sheep hops under the happy mouse.', 'TBD', 'file_033.png', 'Title 667', 5900),
    (22820, '68647', 'Major Pleading', '2023-09-10', 'The fat green fox jumps over the happy dog.', 'TBD', 'file_729.jpg', 'Title 889', 1537),
    (27174, '08183', 'Major Pleading', '2023-11-23', 'The fat blue fox jumps over the happy mouse.', 'TBD', 'file_416.pdf', 'Title 664', 2634),
    (22955, '15767', 'Major Pleading', '2024-12-07', 'The fat red cow dances under the sleepy mouse.', 'TBD', 'file_257.pdf', 'Title 886', 1243),
    (16432, '24334', 'Major Pleading', '2021-07-09', 'A quick green fox dances over the happy dog.', 'TBD', 'file_762.pdf', 'Title 181', 7924),
    (12338, '19325', 'Major Pleading', '2022-12-12', 'A fat green sheep jumps under the sleepy dog.', 'TBD', 'file_991.pdf', 'Title 092', 7804),
    (14515, '40378', 'Minor Pleading', '2022-04-01', 'That crazy blue sheep floats under the sleepy cat.', 'TBD', 'file_772.pdf', 'Title 054', 8959),
    (17079, '59792', 'Major Pleading', '2021-10-24', 'A crazy blue pig hops over the lazy mouse.', 'TBD', 'file_522.pdf', 'Title 452', 9818),
    (24251, '81231', 'Minor Pleading', '2021-08-13', 'That fat brown fox jumps under the lazy dog.', 'TBD', 'file_440.png', 'Title 081', 3952),
    (10940, '08183', 'Major Pleading', '2021-01-19', 'The quick red fox dances under the happy cat.', 'TBD', 'file_368.png', 'Title 163', 5851),
    (14143, '24334', 'Major Pleading', '2020-06-07', 'The fat blue pig dances over the happy dog.', 'TBD', 'file_310.pdf', 'Title 191', 4982),
    (13376, '57618', 'Minor Pleading', '2021-12-02', 'The fat blue cow hops under the sleepy dog.', 'TBD', 'file_876.png', 'Title 499', 3792),
    (25281, '08165', 'Minor Pleading', '2021-08-10', 'The crazy blue pig jumps under the lazy cat.', 'TBD', 'file_890.jpg', 'Title 249', 8890),
    (10948, '69064', 'Minor Pleading', '2022-02-20', 'The fat blue sheep dances under the lazy cat.', 'TBD', 'file_170.png', 'Title 711', 6661),
    (15565, '06133', 'Major Pleading', '2023-11-11', 'That crazy blue cow jumps under the sleepy dog.', 'TBD', 'file_222.pdf', 'Title 641', 8306),
    (29006, '08183', 'Minor Pleading', '2022-05-05', 'That crazy brown sheep hops over the happy mouse.', 'TBD', 'file_785.png', 'Title 327', 9519),
    (20558, '83012', 'Major Pleading', '2022-12-16', 'That quick green sheep jumps over the sleepy dog.', 'TBD', 'file_447.pdf', 'Title 618', 5083),
    (28753, '63924', 'Minor Pleading', '2021-05-27', 'The crazy blue pig dances under the happy cat.', 'TBD', 'file_400.jpg', 'Title 900', 5105),
    (27730, '40378', 'Minor Pleading', '2023-10-21', 'That quick green sheep hops under the lazy cat.', 'TBD', 'file_755.png', 'Title 103', 7005),
    (18388, '24334', 'Major Pleading', '2020-11-14', 'A quick blue fox dances under the sleepy dog.', 'TBD', 'file_043.png', 'Title 359', 1453),
    (29141, '81231', 'Major Pleading', '2022-02-16', 'The crazy red cow floats over the happy mouse.', 'TBD', 'file_734.pdf', 'Title 236', 3318),
    (23380, '90552', 'Minor Pleading', '2024-06-17', 'The crazy brown fox floats under the sleepy cat.', 'TBD', 'file_849.jpg', 'Title 503', 2010),
    (10860, '90552', 'Minor Pleading', '2021-01-15', 'That fat blue pig floats under the lazy dog.', 'TBD', 'file_514.jpg', 'Title 536', 6931),
    (26865, '34670', 'Minor Pleading', '2022-06-23', 'That fat red cow dances under the lazy mouse.', 'TBD', 'file_627.pdf', 'Title 132', 5022),
    (15988, '82373', 'Major Pleading', '2022-11-07', 'That fat red fox floats over the sleepy cat.', 'TBD', 'file_545.pdf', 'Title 158', 2466),
    (10740, '43120', 'Major Pleading', '2024-12-07', 'That crazy green cow hops under the happy mouse.', 'TBD', 'file_605.pdf', 'Title 893', 5804),
    (27508, '45931', 'Major Pleading', '2024-11-10', 'The quick red pig jumps under the sleepy dog.', 'TBD', 'file_867.jpg', 'Title 656', 5415),
    (10616, '84166', 'Major Pleading', '2022-07-19', 'The quick brown sheep dances under the happy mouse.', 'TBD', 'file_189.png', 'Title 307', 4502),
    (15737, '96933', 'Minor Pleading', '2021-02-01', 'That crazy blue sheep floats under the happy dog.', 'TBD', 'file_389.jpg', 'Title 537', 1157);

INSERT INTO `case`
VALUES
    ('81231', 29585, 24728, 'Ongoing', 'Special', 'Title 129', 'Court', 1),
    ('07561', 17947, 28706, 'Ongoing', 'Special', 'Title 918', 'Court', 1),
    ('90552', 26520, 23585, 'Settled', 'Criminal', 'Title 046', 'Court', 0),
    ('10214', 18727, 10302, 'Ongoing', 'Special', 'Title 244', 'Court', 1),
    ('18260', 24835, 20243, 'Ongoing', 'Civil', 'Title 483', 'Court', 1),
    ('42770', 21514, 17812, 'Settled', 'Criminal', 'Title 283', 'Court', 0),
    ('82764', 19656, 16751, 'Ongoing', 'Litigation', 'Title 753', 'Court', 1),
    ('41267', 13203, 15771, 'Ongoing', 'Civil', 'Title 963', 'Court', 1),
    ('82373', 29313, 26899, 'Settled', 'Civil', 'Title 269', 'Court', 0),
    ('43708', 27175, 11316, 'Settled', 'Criminal', 'Title 139', 'Court', 0),
    ('19974', 29313, 26899, 'Ongoing', 'Civil', 'Title 654', 'Court', 1),
    ('89815', 14624, 21551, 'Settled', 'Civil', 'Title 291', 'Court', 0),
    ('93231', 11828, 11850, 'Settled', 'Litigation', 'Title 558', 'Court', 0),
    ('90716', 13098, 20673, 'Ongoing', 'Litigation', 'Title 229', 'Court', 1),
    ('76194', 25669, 15853, 'Ongoing', 'Special', 'Title 210', 'Court', 1),
    ('49289', 19656, 16751, 'Settled', 'Criminal', 'Title 237', 'Court', 0),
    ('68084', 25913, 29404, 'Settled', 'Special', 'Title 450', 'Court', 0),
    ('47815', 20125, 12460, 'Ongoing', 'Civil', 'Title 307', 'Court', 1),
    ('13210', 29377, 12636, 'Settled', 'Criminal', 'Title 281', 'Court', 0),
    ('15767', 13507, 12905, 'Ongoing', 'Civil', 'Title 835', 'Court', 1),
    ('26967', 24514, 28259, 'Ongoing', 'Civil', 'Title 539', 'Court', 1),
    ('08165', 19656, 16751, 'Settled', 'Litigation', 'Title 506', 'Court', 0),
    ('69064', 25276, 14941, 'Settled', 'Litigation', 'Title 821', 'Court', 0),
    ('81747', 13098, 20673, 'Ongoing', 'Civil', 'Title 295', 'Court', 1),
    ('96933', 26520, 23585, 'Ongoing', 'Special', 'Title 417', 'Court', 1),
    ('04117', 14532, 10220, 'Settled', 'Civil', 'Title 545', 'Court', 0),
    ('68680', 22579, 29765, 'Settled', 'Litigation', 'Title 416', 'Court', 0),
    ('76372', 15414, 14543, 'Settled', 'Litigation', 'Title 899', 'Court', 0),
    ('94587', 29585, 24728, 'Ongoing', 'Special', 'Title 111', 'Court', 1),
    ('66837', 14532, 10220, 'Ongoing', 'Special', 'Title 236', 'Court', 1),
    ('05138', 22579, 29765, 'Ongoing', 'Criminal', 'Title 157', 'Court', 1),
    ('27624', 17947, 28706, 'Ongoing', 'Criminal', 'Title 010', 'Court', 1),
    ('03192', 22579, 29765, 'Ongoing', 'Litigation', 'Title 823', 'Court', 1),
    ('00848', 24835, 20243, 'Ongoing', 'Civil', 'Title 921', 'Court', 1),
    ('65028', 17684, 10398, 'Ongoing', 'Civil', 'Title 721', 'Court', 1),
    ('24334', 11264, 24713, 'Ongoing', 'Litigation', 'Title 813', 'Court', 1),
    ('83012', 14624, 21551, 'Settled', 'Civil', 'Title 289', 'Court', 0),
    ('21002', 18865, 13121, 'Ongoing', 'Civil', 'Title 347', 'Court', 1),
    ('59792', 21514, 17812, 'Ongoing', 'Criminal', 'Title 002', 'Court', 1),
    ('37661', 25024, 28125, 'Settled', 'Civil', 'Title 563', 'Court', 0),
    ('06133', 18865, 13121, 'Ongoing', 'Litigation', 'Title 315', 'Court', 1),
    ('63924', 13098, 20673, 'Ongoing', 'Special', 'Title 589', 'Court', 1),
    ('99299', 25913, 29404, 'Settled', 'Special', 'Title 459', 'Court', 0),
    ('48545', 11264, 24713, 'Ongoing', 'Criminal', 'Title 009', 'Court', 1),
    ('34670', 21514, 17812, 'Ongoing', 'Criminal', 'Title 530', 'Court', 1),
    ('40378', 13507, 12905, 'Settled', 'Civil', 'Title 148', 'Court', 0);

INSERT INTO payment
VALUES
    (27520, 23585, 6829, '2021-12-02'),
    (28801, 29765, 7924, '2020-04-10'),
    (10754, 27317, 3040, '2023-02-27'),
    (22402, 26899, 6097, '2024-09-07'),
    (19586, 13121, 7844, '2021-02-10'),
    (27013, 29404, 5347, '2024-04-26'),
    (12294, 10488, 7951, '2022-11-09'),
    (29190, 10488, 1420, '2022-08-05'),
    (18437, 11584, 3801, '2024-12-03'),
    (14096, 23828, 5186, '2021-08-06'),
    (12307, 11316, 5515, '2022-07-26'),
    (17560, 12636, 9349, '2021-03-19'),
    (11929, 23412, 1533, '2023-01-08'),
    (22432, 25050, 8704, '2023-12-13'),
    (15521, 28706, 3313, '2023-11-18'),
    (12194, 28182, 2540, '2023-03-12'),
    (18083, 16751, 3575, '2022-05-09'),
    (16422, 14543, 5596, '2020-12-09'),
    (23336, 12905, 6517, '2021-07-19'),
    (15785, 12054, 8517, '2023-01-13'),
    (26665, 22382, 6767, '2020-01-22'),
    (18090, 11850, 5780, '2024-05-03'),
    (22696, 12460, 7821, '2021-08-25'),
    (19630, 14050, 6184, '2021-01-23'),
    (25776, 20673, 9469, '2020-05-05'),
    (17458, 25203, 5752, '2022-10-08'),
    (18099, 10398, 3379, '2024-12-02'),
    (17970, 18036, 5638, '2024-05-13'),
    (29111, 14941, 7891, '2020-01-03'),
    (28088, 24728, 6734, '2024-04-21'),
    (28727, 19764, 7580, '2020-10-22'),
    (17591, 20243, 7189, '2023-12-23'),
    (29497, 12291, 3892, '2022-01-22'),
    (12987, 24728, 2230, '2024-02-15'),
    (28221, 29765, 3263, '2021-11-24'),
    (10431, 12636, 7112, '2021-03-01'),
    (20290, 28706, 1229, '2024-08-24'),
    (20547, 10302, 4853, '2023-10-24'),
    (28868, 22382, 9091, '2021-01-28'),
    (21959, 15339, 1004, '2020-12-03'),
    (22344, 10220, 2481, '2024-03-18'),
    (17611, 15771, 9848, '2020-10-26'),
    (16588, 28125, 7200, '2021-07-02'),
    (20941, 23071, 7102, '2021-07-04'),
    (18254, 10488, 8137, '2023-10-27'),
    (14285, 24713, 2020, '2023-03-11'),
    (23760, 21551, 4279, '2022-03-11'),
    (14422, 16382, 5583, '2024-01-14'),
    (19930, 23828, 3811, '2020-06-28'),
    (27490, 28259, 6860, '2024-04-20'),
    (28259, 10398, 3029, '2024-05-20'),
    (23908, 19764, 4161, '2020-01-08'),
    (16615, 28581, 4696, '2020-03-12'),
    (17000, 11584, 7123, '2023-05-21'),
    (29673, 14941, 9777, '2020-08-13'),
    (12531, 10051, 6009, '2021-10-03'),
    (10740, 28594, 6397, '2020-09-15'),
    (15221, 23828, 1957, '2022-05-03'),
    (18805, 17812, 2041, '2024-03-27'),
    (28411, 15853, 1303, '2021-10-12');

INSERT INTO _casetolawyer
VALUES
    ('90552', 28281),
    ('27624', 18266),
    ('18727', 25072),
    ('82373', 27990),
    ('68647', 29080),
    ('41267', 14423),
    ('63924', 11501),
    ('96274', 14293),
    ('18260', 28460),
    ('24334', 19870),
    ('84166', 13506),
    ('04117', 16743),
    ('96933', 18266),
    ('00848', 23632),
    ('68084', 25072),
    ('57618', 29905),
    ('68084', 22921),
    ('18260', 13168),
    ('81231', 13676),
    ('68084', 14775),
    ('07561', 25267),
    ('34670', 24997),
    ('15767', 11845),
    ('66136', 24294),
    ('07561', 23244),
    ('66837', 29080),
    ('06133', 26979),
    ('35346', 17775),
    ('81728', 25072),
    ('48545', 16117),
    ('65028', 11066),
    ('66837', 20616),
    ('24334', 25072),
    ('90716', 23075),
    ('40378', 26949),
    ('76372', 13676),
    ('49289', 11845),
    ('57618', 12323),
    ('21002', 12528),
    ('90552', 25267),
    ('99299', 19461),
    ('82764', 13168),
    ('44816', 11680),
    ('85880', 16831),
    ('94587', 19456),
    ('82764', 27934),
    ('44159', 28790),
    ('99299', 27765),
    ('67257', 12303),
    ('42770', 23059),
    ('04117', 29268),
    ('82373', 25143),
    ('24334', 18925),
    ('19325', 16117),
    ('26967', 29080),
    ('48545', 16089),
    ('04117', 13348),
    ('49289', 27765),
    ('76372', 12962),
    ('21002', 19698),
    ('13210', 18963),
    ('65028', 27765),
    ('13210', 24076),
    ('03192', 21347),
    ('03192', 25612),
    ('59792', 19698),
    ('43708', 19461),
    ('19974', 17200),
    ('76194', 27326),
    ('45931', 25072),
    ('81747', 10137),
    ('66136', 15840),
    ('37661', 14293),
    ('08183', 16831),
    ('10214', 16089),
    ('13210', 20350),
    ('93231', 22579),
    ('83012', 14831),
    ('24334', 17647),
    ('89815', 15840),
    ('08165', 13676),
    ('44601', 26949),
    ('43120', 29730),
    ('05138', 12528),
    ('00848', 13324),
    ('40378', 29268),
    ('81231', 11935),
    ('37661', 12528),
    ('76372', 29730),
    ('47815', 12323),
    ('24334', 14481),
    ('03192', 19456),
    ('63047', 27990),
    ('40378', 13348),
    ('68084', 29987),
    ('44816', 28790),
    ('69064', 22003),
    ('10214', 29730),
    ('68680', 25267),
    ('06133', 14831);

INSERT INTO _lawyertowork
VALUES
    (25072, 11383),
    (27990, 18388),
    (14293, 27423),
    (22003, 10286),
    (23059, 10616),
    (29730, 27508),
    (15840, 23826),
    (16831, 18388),
    (19456, 11323),
    (13348, 17584),
    (13348, 20046),
    (16831, 27174),
    (18925, 10860),
    (29080, 27765),
    (11501, 18942),
    (29905, 29141),
    (25072, 29006),
    (14293, 10129),
    (27990, 15988),
    (25612, 16432),
    (16089, 11965),
    (27326, 18321),
    (29905, 26782),
    (25267, 26865),
    (22003, 23070),
    (13676, 20554),
    (19461, 14515),
    (14831, 11582),
    (22579, 24251),
    (29080, 16432),
    (28460, 10616),
    (16089, 21028),
    (11066, 28753),
    (29905, 16432),
    (11845, 24323),
    (11680, 26782),
    (27990, 17295),
    (22579, 10948),
    (16117, 21028),
    (27990, 26865),
    (25267, 14101),
    (13168, 16823),
    (25072, 15988),
    (14775, 17079),
    (11680, 15737),
    (27765, 14143),
    (13506, 11582),
    (19461, 18942),
    (18925, 22955),
    (29080, 29725),
    (22579, 24605),
    (29987, 17079),
    (23632, 23380),
    (12528, 25281),
    (27765, 27508),
    (29268, 29006),
    (25072, 24605),
    (23632, 29725),
    (13676, 29141),
    (25072, 15565),
    (15840, 10753),
    (29080, 22820),
    (29080, 15565),
    (14293, 13376),
    (26979, 10740),
    (13676, 29006),
    (13168, 27730),
    (19698, 20558),
    (11680, 18077),
    (10137, 20112),
    (13676, 13376),
    (26949, 29830),
    (13168, 12338),
    (14293, 15602),
    (26949, 15686),
    (26949, 14493),
    (23075, 10753),
    (28790, 16136),
    (12303, 17295),
    (12962, 11436),
    (25267, 27035),
    (28790, 11269),
    (16831, 20112),
    (20616, 25281),
    (13348, 11553),
    (29080, 10940),
    (21347, 17678),
    (11845, 23380),
    (26949, 14515),
    (29080, 28753),
    (14293, 13183),
    (29268, 24605),
    (29080, 16723),
    (25072, 12293),
    (17647, 10129),
    (24997, 10948),
    (13168, 27174),
    (27326, 29725),
    (27765, 10860);

SET FOREIGN_KEY_CHECKS = 1;
